{"cameraMode":{"drawMode":0,"name":"Shaded","section":"Shading Mode"},"sceneLighting":true,"audioPlay":false,"sceneViewState":{"m_AlwaysRefresh":false,"showFog":true,"showSkybox":true,"showFlares":true,"showImageEffects":true,"showParticleSystems":true,"showVisualEffectGraphs":true,"m_FxEnabled":true},"in2DMode":false,"pivot":{"x":-0.27380606532096865,"y":4.452239036560059,"z":56.79801940917969},"rotation":{"x":-0.005578609649091959,"y":-0.9922106862068176,"z":0.04947902262210846,"w":-0.11477106809616089},"size":0.36926376819610598,"orthographic":false}