{"cameraMode":{"drawMode":0,"name":"Shaded","section":"Shading Mode"},"sceneLighting":true,"audioPlay":false,"sceneViewState":{"m_AlwaysRefresh":false,"showFog":true,"showSkybox":true,"showFlares":true,"showImageEffects":true,"showParticleSystems":true,"showVisualEffectGraphs":true,"m_FxEnabled":true},"in2DMode":false,"pivot":{"x":106.87596130371094,"y":57.80681610107422,"z":84.31433868408203},"rotation":{"x":-0.09084255993366242,"y":0.38008642196655276,"z":0.0382092110812664,"w":0.9198895692825317},"size":62.966827392578128,"orthographic":false}